layers,activation,batch_size,mae,mae_lower,mae_upper,rmse,rmse_lower,rmse_upper
64,relu,32,0.26107196004665306,0.24984740602250397,0.27314268124762797,0.36716797721498146,0.34664645937460753,0.38845961070076374
