layers,activation,batch_size,mae,mae_lower,mae_upper,rmse,rmse_lower,rmse_upper
64,relu,32,0.2615619819231256,0.2508981830019738,0.27245783024200865,0.366367052136514,0.3470930809623967,0.3835119756206818
