scale,preprocessing,data_type,layers,activation,batch_size,epoch,loss,mae,r2_score,root_mean_squared_error,val_loss,val_mae,val_r2_score,val_root_mean_squared_error,learning_rate
standardized,preprocessed,external,[64],prelu,32,220,0.2365350903865251,0.2526958355036637,0.5311976909637451,0.3436465585459723,0.2215155091888835,0.2440170600700362,0.5494984984397888,0.331824134432915,0.000662500031467
standardized,preprocessed,augmented,[64],prelu,64,300,0.2421777301676041,0.2551482925997955,0.5314531326293945,0.3536827282190814,0.2315111562099464,0.2497812647769481,0.5518653392791748,0.3456256937763057,0.000131250006234
standardized,non_processed,external,[16],prelu,32,248,0.2586500459413171,0.2605190460645312,0.4948320508003235,0.3620162883380963,0.238684519813273,0.2512158124696793,0.5334052205085754,0.3464099725881809,0.0003687500175146
standardized,non_processed,augmented,[64],prelu,32,291,0.2611427907767071,0.2640115476235556,0.5056813955307007,0.3712949772737979,0.2511290730116338,0.2596045652962434,0.5228721857070923,0.3639462725899203,7.500000356230885e-05
normalized,preprocessed,external,[32],prelu,32,240,0.0269298517983406,0.248219849988818,0.5461466550827027,0.338152194470167,0.025869874805212,0.2428136922419069,0.5519534945487976,0.3310435865819452,0.0001625000077183
normalized,preprocessed,augmented,[64],relu,32,213,0.0291825948003679,0.2547928646206854,0.5328162431716919,0.3531675860285756,0.0279141950700431,0.2497828441113231,0.5527231931686402,0.3452470967173574,1.875000089057721e-05
normalized,non_processed,external,[64],prelu,32,266,0.0263249777536839,0.2541971375048159,0.521518611907959,0.3522945810854432,0.0255229493416845,0.25046493075788,0.5345731973648071,0.3459683929383752,3.750000178115442e-05
normalized,non_processed,augmented,[64],relu,32,255,0.0290092161297797,0.2646843659877775,0.5038673043251037,0.3719722938537596,0.0277273857593536,0.2589593195915221,0.5243673920631409,0.3634403014183042,4.296875204090611e-06
